UID,Timestamp,Status
31,2024-06-17 13:23:03.269,not_blacklisted
141,2024-06-17 13:25:35.637,blacklisted
39,2024-06-17 13:27:46.692,not_blacklisted
166,2024-06-17 13:28:06.622,blacklisted
166,2024-06-17 13:30:15.110,blacklisted
166,2024-06-17 13:32:25.495,blacklisted
254,2024-06-17 13:34:50.749,blacklisted
185,2024-06-17 13:42:14.322,blacklisted
141,2024-06-17 13:42:31.826,blacklisted
39,2024-06-17 13:43:24.885,not_blacklisted
199,2024-06-17 13:47:35.804,not_blacklisted
185,2024-06-17 13:52:26.852,blacklisted
141,2024-06-17 13:55:31.544,blacklisted
39,2024-06-17 13:55:32.197,not_blacklisted
254,2024-06-17 13:57:52.347,blacklisted
166,2024-06-17 13:59:56.828,blacklisted
216,2024-06-17 14:04:34.595,not_blacklisted
185,2024-06-17 14:09:31.145,blacklisted
185,2024-06-17 14:14:23.826,blacklisted
87,2024-06-17 14:14:49.047,not_blacklisted
166,2024-06-17 14:24:15.481,blacklisted
166,2024-06-17 14:42:26.703,blacklisted
31,2024-06-17 14:49:22.660,not_blacklisted
141,2024-06-17 14:52:26.893,blacklisted
216,2024-06-17 14:54:28.806,not_blacklisted
10,2024-06-17 14:55:28.456,not_blacklisted
166,2024-06-17 15:03:23.279,blacklisted
31,2024-06-17 15:07:58.371,not_blacklisted
185,2024-06-17 15:10:46.704,blacklisted
199,2024-06-17 15:12:18.409,not_blacklisted
216,2024-06-17 15:12:33.727,not_blacklisted
166,2024-06-17 15:18:56.613,blacklisted
228,2024-06-17 15:19:03.225,not_blacklisted
185,2024-06-17 15:25:43.974,blacklisted
117,2024-06-17 15:27:28.808,not_blacklisted
7,2024-06-17 15:33:47.520,not_blacklisted
254,2024-06-17 15:37:14.363,blacklisted
166,2024-06-17 15:37:40.727,blacklisted
87,2024-06-17 15:43:04.955,not_blacklisted
185,2024-06-17 15:44:06.685,blacklisted
185,2024-06-17 15:57:27.370,blacklisted
199,2024-06-17 16:00:51.742,not_blacklisted
166,2024-06-17 16:06:17.662,blacklisted
166,2024-06-17 16:09:14.420,blacklisted
10,2024-06-17 16:09:43.267,not_blacklisted
254,2024-06-17 16:15:14.667,blacklisted
254,2024-06-17 16:22:26.208,blacklisted
31,2024-06-17 16:23:12.004,not_blacklisted
216,2024-06-17 16:26:16.860,not_blacklisted
166,2024-06-17 16:29:26.994,blacklisted
117,2024-06-17 16:33:40.976,not_blacklisted
166,2024-06-17 16:34:35.355,blacklisted
117,2024-06-17 16:36:55.847,not_blacklisted
199,2024-06-17 16:43:34.874,not_blacklisted
10,2024-06-17 16:51:01.145,not_blacklisted
141,2024-06-17 16:55:13.911,blacklisted
31,2024-06-17 16:55:17.621,not_blacklisted
10,2024-06-17 18:15:53.093,not_blacklisted
185,2024-06-17 18:17:02.044,blacklisted
7,2024-06-17 18:23:41.144,not_blacklisted
166,2024-06-17 18:25:10.556,blacklisted
31,2024-06-17 18:25:39.130,not_blacklisted
117,2024-06-17 18:27:57.973,not_blacklisted
31,2024-06-17 18:30:48.093,not_blacklisted
117,2024-06-17 18:36:52.420,not_blacklisted
10,2024-06-17 18:39:29.092,not_blacklisted
216,2024-06-17 18:41:32.922,not_blacklisted
166,2024-06-17 18:44:06.125,blacklisted
117,2024-06-17 18:44:54.601,not_blacklisted
166,2024-06-17 18:46:05.041,blacklisted
166,2024-06-17 18:47:58.051,blacklisted
199,2024-06-17 18:53:40.990,not_blacklisted
166,2024-06-17 18:55:11.601,blacklisted
39,2024-06-17 18:59:22.542,not_blacklisted
216,2024-06-17 19:05:56.671,not_blacklisted
254,2024-06-17 19:10:56.452,blacklisted
31,2024-06-17 19:26:13.775,not_blacklisted
39,2024-06-17 19:30:29.565,not_blacklisted
31,2024-06-17 19:36:22.304,not_blacklisted
166,2024-06-17 19:40:11.646,blacklisted
166,2024-06-17 19:44:39.174,blacklisted
216,2024-06-17 19:47:00.951,not_blacklisted
216,2024-06-17 19:54:02.730,not_blacklisted
254,2024-06-17 19:54:54.663,blacklisted
117,2024-06-17 19:59:06.339,not_blacklisted
254,2024-06-17 19:59:23.077,blacklisted
39,2024-06-17 19:59:29.208,not_blacklisted
87,2024-06-17 20:02:34.775,not_blacklisted
166,2024-06-17 20:14:07.109,blacklisted
87,2024-06-17 20:14:50.318,not_blacklisted
141,2024-06-17 20:15:04.026,blacklisted
166,2024-06-17 20:15:46.001,blacklisted
185,2024-06-17 20:21:22.472,blacklisted
216,2024-06-17 20:22:06.415,not_blacklisted
141,2024-06-17 20:33:00.753,blacklisted
254,2024-06-17 20:33:38.412,blacklisted
39,2024-06-17 20:34:45.378,not_blacklisted
199,2024-06-17 20:36:23.631,not_blacklisted
166,2024-06-17 20:36:43.858,blacklisted
39,2024-06-17 20:37:56.547,not_blacklisted
166,2024-06-17 20:46:25.422,blacklisted
10,2024-06-17 20:59:45.576,not_blacklisted
8,2024-06-17 21:05:59.029,not_blacklisted
254,2024-06-17 21:06:45.548,blacklisted
166,2024-06-17 21:07:23.961,blacklisted
166,2024-06-17 21:14:29.726,blacklisted
185,2024-06-17 21:20:46.542,blacklisted
199,2024-06-17 21:29:52.124,not_blacklisted
10,2024-06-17 21:50:09.405,not_blacklisted
31,2024-06-17 21:50:25.054,not_blacklisted
8,2024-06-17 21:50:56.339,not_blacklisted
228,2024-06-17 21:50:56.340,not_blacklisted
216,2024-06-17 21:59:06.913,not_blacklisted
228,2024-06-17 22:00:48.519,not_blacklisted
166,2024-06-17 22:01:18.968,blacklisted
31,2024-06-17 22:02:03.007,not_blacklisted
8,2024-06-17 22:04:50.376,not_blacklisted
166,2024-06-17 22:05:54.679,blacklisted
117,2024-06-17 22:07:41.020,not_blacklisted
228,2024-06-17 22:12:45.077,not_blacklisted
254,2024-06-17 22:15:20.133,blacklisted
10,2024-06-17 22:18:33.234,not_blacklisted
185,2024-06-17 22:25:32.772,blacklisted
185,2024-06-17 22:26:31.557,blacklisted
185,2024-06-17 22:31:38.800,blacklisted
39,2024-06-17 22:35:45.244,not_blacklisted
199,2024-06-17 22:45:25.398,not_blacklisted
185,2024-06-17 22:48:45.349,blacklisted
228,2024-06-17 22:49:33.689,not_blacklisted
31,2024-06-17 22:50:18.239,not_blacklisted
31,2024-06-17 22:54:55.320,not_blacklisted
185,2024-06-17 22:59:50.718,blacklisted
31,2024-06-17 23:04:51.293,not_blacklisted
166,2024-06-17 23:20:09.103,blacklisted
166,2024-06-17 23:22:22.317,blacklisted
117,2024-06-17 23:24:09.683,not_blacklisted
87,2024-06-17 23:26:48.784,not_blacklisted
117,2024-06-17 23:35:27.095,not_blacklisted
228,2024-06-17 23:38:55.362,not_blacklisted
166,2024-06-17 23:44:01.059,blacklisted
8,2024-06-17 23:44:22.601,not_blacklisted
166,2024-06-17 23:48:14.055,not_blacklisted
199,2024-06-17 23:59:26.319,not_blacklisted
185,2024-06-17 23:59:50.824,blacklisted
39,2024-06-18 00:02:39.048,not_blacklisted
8,2024-06-18 00:02:50.425,not_blacklisted
199,2024-06-18 00:10:24.918,not_blacklisted
10,2024-06-18 00:10:44.607,not_blacklisted
95,2024-06-18 00:12:44.156,blacklisted
95,2024-06-18 00:13:19.173,blacklisted
199,2024-06-18 00:29:08.271,not_blacklisted
7,2024-06-18 00:29:21.621,not_blacklisted
166,2024-06-18 00:35:13.696,blacklisted
31,2024-06-18 00:38:51.076,not_blacklisted
166,2024-06-18 00:40:20.866,blacklisted
228,2024-06-18 00:46:45.868,not_blacklisted
166,2024-06-18 00:47:06.925,blacklisted
199,2024-06-18 00:50:18.667,not_blacklisted
254,2024-06-18 00:54:02.784,blacklisted
117,2024-06-18 00:56:19.164,not_blacklisted
10,2024-06-18 01:01:57.395,not_blacklisted
7,2024-06-18 01:04:04.429,not_blacklisted
166,2024-06-18 01:05:09.362,blacklisted
199,2024-06-18 01:08:39.336,not_blacklisted
216,2024-06-18 01:09:29.952,not_blacklisted
39,2024-06-18 01:18:14.871,not_blacklisted
166,2024-06-18 01:30:12.653,blacklisted
216,2024-06-18 01:37:12.817,not_blacklisted
166,2024-06-18 01:39:17.076,blacklisted
117,2024-06-18 01:40:11.383,not_blacklisted
216,2024-06-18 01:41:07.742,not_blacklisted
87,2024-06-18 01:41:58.565,not_blacklisted
117,2024-06-18 01:44:56.420,not_blacklisted
166,2024-06-18 01:48:46.421,blacklisted
185,2024-06-18 01:49:50.921,blacklisted
166,2024-06-18 01:58:33.524,blacklisted
185,2024-06-18 02:05:05.932,blacklisted
31,2024-06-18 02:06:27.830,not_blacklisted
185,2024-06-18 02:08:26.687,blacklisted
166,2024-06-18 02:08:28.179,blacklisted
117,2024-06-18 02:11:10.318,not_blacklisted
216,2024-06-18 02:14:00.187,not_blacklisted
31,2024-06-18 02:29:39.547,not_blacklisted
31,2024-06-18 02:32:18.771,not_blacklisted
254,2024-06-18 02:33:07.829,blacklisted
10,2024-06-18 02:35:20.371,not_blacklisted
31,2024-06-18 02:37:20.693,not_blacklisted
117,2024-06-18 02:38:13.973,not_blacklisted
216,2024-06-18 02:48:13.552,not_blacklisted
10,2024-06-18 02:50:38.442,not_blacklisted
199,2024-06-18 02:52:38.633,not_blacklisted
166,2024-06-18 02:53:44.101,blacklisted
166,2024-06-18 02:58:12.311,blacklisted
117,2024-06-18 03:01:40.986,not_blacklisted
199,2024-06-18 03:06:47.688,not_blacklisted
10,2024-06-18 03:07:53.509,not_blacklisted
199,2024-06-18 03:09:45.222,not_blacklisted
39,2024-06-18 03:21:22.967,not_blacklisted
87,2024-06-18 03:31:00.563,not_blacklisted
185,2024-06-18 03:44:35.368,blacklisted
166,2024-06-18 03:47:17.746,blacklisted
31,2024-06-18 03:52:15.794,not_blacklisted
166,2024-06-18 03:56:51.931,blacklisted
39,2024-06-18 03:57:09.508,not_blacklisted
166,2024-06-18 04:04:19.438,blacklisted
185,2024-06-18 04:06:53.498,blacklisted
228,2024-06-18 04:13:09.235,not_blacklisted
199,2024-06-18 04:21:22.898,not_blacklisted
117,2024-06-18 04:28:40.494,not_blacklisted
185,2024-06-18 04:31:21.791,blacklisted
199,2024-06-18 04:31:24.302,not_blacklisted
199,2024-06-18 04:36:18.007,not_blacklisted
166,2024-06-18 04:39:50.352,blacklisted
228,2024-06-18 04:42:46.381,not_blacklisted
87,2024-06-18 04:43:37.161,not_blacklisted
166,2024-06-18 04:47:56.258,blacklisted
39,2024-06-18 04:51:03.058,not_blacklisted
185,2024-06-18 04:51:55.479,blacklisted
31,2024-06-18 05:09:25.004,not_blacklisted
39,2024-06-18 05:13:36.036,not_blacklisted
10,2024-06-18 05:14:47.737,not_blacklisted
31,2024-06-18 05:17:33.986,not_blacklisted
7,2024-06-18 05:17:53.795,not_blacklisted
117,2024-06-18 05:21:33.661,not_blacklisted
199,2024-06-18 05:23:02.823,not_blacklisted
185,2024-06-18 05:29:16.243,blacklisted
117,2024-06-18 05:34:24.281,not_blacklisted
166,2024-06-18 05:46:57.360,blacklisted
87,2024-06-18 05:49:12.521,not_blacklisted
216,2024-06-18 05:53:41.358,not_blacklisted
166,2024-06-18 05:56:11.242,blacklisted
254,2024-06-18 05:57:32.992,blacklisted
31,2024-06-18 06:06:05.562,not_blacklisted
117,2024-06-18 06:06:58.249,not_blacklisted
199,2024-06-18 06:11:08.396,not_blacklisted
87,2024-06-18 06:19:37.171,not_blacklisted
199,2024-06-18 06:21:28.745,not_blacklisted
31,2024-06-18 06:22:25.123,not_blacklisted
87,2024-06-18 06:24:49.073,not_blacklisted
31,2024-06-18 06:25:05.275,not_blacklisted
166,2024-06-18 06:30:16.873,blacklisted
166,2024-06-18 06:31:51.664,blacklisted
254,2024-06-18 06:39:05.413,blacklisted
185,2024-06-18 06:41:29.720,blacklisted
166,2024-06-18 06:47:18.117,blacklisted
228,2024-06-18 06:47:20.896,not_blacklisted
87,2024-06-18 06:50:27.104,not_blacklisted
117,2024-06-18 06:53:19.733,not_blacklisted
166,2024-06-18 06:54:20.176,blacklisted
10,2024-06-18 07:00:53.376,not_blacklisted
10,2024-06-18 07:04:21.328,not_blacklisted
216,2024-06-18 07:14:10.724,not_blacklisted
166,2024-06-18 07:15:50.059,blacklisted
7,2024-06-18 07:15:50.511,not_blacklisted
166,2024-06-18 07:17:42.818,blacklisted
166,2024-06-18 07:19:49.809,blacklisted
31,2024-06-18 07:25:38.261,not_blacklisted
166,2024-06-18 07:41:17.413,blacklisted
216,2024-06-18 07:41:48.916,not_blacklisted
185,2024-06-18 07:43:41.713,blacklisted
166,2024-06-18 07:43:43.603,blacklisted
166,2024-06-18 07:45:46.896,blacklisted
166,2024-06-18 07:48:09.782,blacklisted
166,2024-06-18 07:50:44.259,blacklisted
254,2024-06-18 07:53:19.800,blacklisted
31,2024-06-18 07:53:31.516,not_blacklisted
185,2024-06-18 07:59:50.482,blacklisted
166,2024-06-18 08:02:43.596,blacklisted
216,2024-06-18 08:09:53.611,not_blacklisted
166,2024-06-18 08:10:44.552,blacklisted
39,2024-06-18 08:15:08.851,not_blacklisted
8,2024-06-18 08:16:46.645,not_blacklisted
31,2024-06-18 08:25:40.967,not_blacklisted
87,2024-06-18 08:30:50.058,not_blacklisted
117,2024-06-18 08:34:04.059,not_blacklisted
199,2024-06-18 08:34:27.683,not_blacklisted
185,2024-06-18 08:38:24.876,blacklisted
166,2024-06-18 08:46:07.173,blacklisted
166,2024-06-18 08:55:51.915,not_blacklisted
7,2024-06-18 08:56:36.556,not_blacklisted
31,2024-06-18 08:56:49.070,not_blacklisted
39,2024-06-18 09:03:53.086,not_blacklisted
254,2024-06-18 09:04:51.403,blacklisted
166,2024-06-18 09:06:01.133,blacklisted
117,2024-06-18 09:07:56.413,not_blacklisted
185,2024-06-18 09:10:51.771,blacklisted
10,2024-06-18 09:21:01.357,not_blacklisted
166,2024-06-18 09:30:20.466,blacklisted
199,2024-06-18 09:37:16.668,not_blacklisted
185,2024-06-18 09:41:31.552,blacklisted
254,2024-06-18 09:46:35.298,blacklisted
166,2024-06-18 09:58:31.327,blacklisted
39,2024-06-18 10:04:39.947,not_blacklisted
166,2024-06-18 10:07:38.581,blacklisted
185,2024-06-18 10:08:10.878,blacklisted
185,2024-06-18 10:11:41.221,blacklisted
228,2024-06-18 10:14:29.010,not_blacklisted
166,2024-06-18 10:17:40.367,blacklisted
254,2024-06-18 10:23:22.512,blacklisted
7,2024-06-18 10:31:28.189,not_blacklisted
117,2024-06-18 10:32:27.476,not_blacklisted
31,2024-06-18 10:33:40.624,not_blacklisted
185,2024-06-18 10:35:44.992,blacklisted
31,2024-06-18 10:39:03.609,not_blacklisted
199,2024-06-18 10:41:44.450,not_blacklisted
87,2024-06-18 10:43:51.416,not_blacklisted
216,2024-06-18 10:49:32.323,not_blacklisted
166,2024-06-18 10:51:57.308,blacklisted
166,2024-06-18 10:54:07.486,blacklisted
166,2024-06-18 11:05:11.944,blacklisted
185,2024-06-18 11:09:29.165,blacklisted
199,2024-06-18 11:13:26.715,not_blacklisted
10,2024-06-18 11:19:10.822,not_blacklisted
185,2024-06-18 11:26:19.338,blacklisted
199,2024-06-18 11:36:23.921,not_blacklisted
31,2024-06-18 11:37:38.946,not_blacklisted
216,2024-06-18 11:38:02.557,not_blacklisted
87,2024-06-18 11:41:47.639,not_blacklisted
166,2024-06-18 11:56:24.028,blacklisted
166,2024-06-18 11:58:36.722,blacklisted
31,2024-06-18 12:00:25.054,not_blacklisted
117,2024-06-18 12:08:00.183,not_blacklisted
39,2024-06-18 12:28:48.370,not_blacklisted
166,2024-06-18 12:34:04.705,blacklisted
117,2024-06-18 12:34:33.036,not_blacklisted
216,2024-06-18 12:36:02.501,not_blacklisted
166,2024-06-18 12:42:37.037,not_blacklisted
10,2024-06-18 12:45:29.081,not_blacklisted
10,2024-06-18 12:48:02.630,not_blacklisted
166,2024-06-18 12:52:58.069,blacklisted
31,2024-06-18 12:55:52.224,not_blacklisted
87,2024-06-18 13:08:21.256,not_blacklisted
185,2024-06-18 13:08:47.258,blacklisted
117,2024-06-18 13:09:30.395,not_blacklisted
31,2024-06-18 13:11:38.938,not_blacklisted
185,2024-06-18 13:12:24.947,blacklisted
31,2024-06-18 13:14:21.326,not_blacklisted
166,2024-06-18 13:17:15.645,blacklisted
7,2024-06-18 13:18:01.247,not_blacklisted
39,2024-06-18 13:20:16.756,not_blacklisted
87,2024-06-18 14:29:55.648,not_blacklisted
87,2024-06-18 14:32:25.415,not_blacklisted
166,2024-06-18 14:34:55.080,blacklisted
185,2024-06-18 14:40:08.972,blacklisted
8,2024-06-18 14:42:23.149,not_blacklisted
216,2024-06-18 14:43:51.966,not_blacklisted
166,2024-06-18 14:56:28.265,blacklisted
185,2024-06-18 14:57:07.131,blacklisted
216,2024-06-18 14:58:13.404,not_blacklisted
117,2024-06-18 15:03:14.570,not_blacklisted
185,2024-06-18 15:03:29.185,blacklisted
254,2024-06-18 15:11:13.141,blacklisted
166,2024-06-18 15:18:15.849,blacklisted
166,2024-06-18 15:20:05.952,blacklisted
216,2024-06-18 15:25:27.113,not_blacklisted
166,2024-06-18 15:27:02.996,blacklisted
185,2024-06-18 15:27:20.413,blacklisted
254,2024-06-18 15:37:18.944,blacklisted
39,2024-06-18 15:58:45.250,not_blacklisted
7,2024-06-18 15:59:39.843,not_blacklisted
166,2024-06-18 16:09:05.367,blacklisted
87,2024-06-18 16:15:10.113,not_blacklisted
199,2024-06-18 16:16:30.372,not_blacklisted
166,2024-06-18 16:20:35.782,blacklisted
166,2024-06-18 16:29:18.018,blacklisted
199,2024-06-18 16:34:19.363,not_blacklisted
166,2024-06-18 16:39:32.568,blacklisted
166,2024-06-18 16:41:41.701,blacklisted
166,2024-06-18 16:44:01.933,blacklisted
39,2024-06-18 16:46:59.300,not_blacklisted
166,2024-06-18 16:48:58.726,blacklisted
10,2024-06-18 16:53:53.601,not_blacklisted
31,2024-06-18 16:54:10.467,not_blacklisted
185,2024-06-18 16:54:43.707,blacklisted
216,2024-06-18 16:55:46.893,not_blacklisted
166,2024-06-18 16:56:00.056,blacklisted
185,2024-06-18 16:56:59.932,blacklisted
39,2024-06-18 17:01:33.987,not_blacklisted
166,2024-06-18 17:03:17.358,blacklisted
39,2024-06-18 17:10:42.920,not_blacklisted
31,2024-06-18 17:12:39.870,not_blacklisted
166,2024-06-18 17:14:35.085,blacklisted
185,2024-06-18 17:18:04.282,blacklisted
31,2024-06-18 17:20:39.799,not_blacklisted
228,2024-06-18 17:22:21.877,not_blacklisted
185,2024-06-18 17:23:30.256,blacklisted
7,2024-06-18 17:34:22.191,not_blacklisted
199,2024-06-18 17:34:45.666,not_blacklisted
228,2024-06-18 17:35:43.821,not_blacklisted
166,2024-06-18 17:36:53.776,blacklisted
10,2024-06-18 17:39:31.552,not_blacklisted
199,2024-06-18 17:40:16.763,not_blacklisted
7,2024-06-18 17:48:55.029,not_blacklisted
166,2024-06-18 17:49:45.215,blacklisted
31,2024-06-18 17:51:48.373,not_blacklisted
185,2024-06-18 17:55:54.189,blacklisted
31,2024-06-18 17:56:37.270,not_blacklisted
10,2024-06-18 17:57:20.198,not_blacklisted
87,2024-06-18 18:00:03.859,not_blacklisted
8,2024-06-18 18:03:28.014,not_blacklisted
7,2024-06-18 18:05:47.347,not_blacklisted
10,2024-06-18 18:10:28.017,not_blacklisted
185,2024-06-18 18:13:29.000,blacklisted
185,2024-06-18 18:16:05.383,blacklisted
31,2024-06-18 18:16:17.058,not_blacklisted
31,2024-06-18 18:21:58.349,not_blacklisted
166,2024-06-18 18:35:29.721,blacklisted
166,2024-06-18 18:37:42.109,blacklisted
216,2024-06-18 18:40:55.275,not_blacklisted
199,2024-06-18 18:41:08.599,not_blacklisted
117,2024-06-18 18:46:53.743,not_blacklisted
228,2024-06-18 18:47:19.028,not_blacklisted
31,2024-06-18 18:54:45.223,not_blacklisted
166,2024-06-18 18:55:57.008,blacklisted
166,2024-06-18 18:57:53.426,blacklisted
199,2024-06-18 18:59:17.056,not_blacklisted
31,2024-06-18 19:00:20.532,not_blacklisted
87,2024-06-18 19:11:03.452,not_blacklisted
166,2024-06-18 19:13:05.244,blacklisted
117,2024-06-18 19:22:16.685,not_blacklisted
166,2024-06-18 19:23:02.190,blacklisted
10,2024-06-18 19:23:23.756,not_blacklisted
8,2024-06-18 19:24:55.063,not_blacklisted
166,2024-06-18 19:25:57.369,blacklisted
166,2024-06-18 19:30:18.266,blacklisted
10,2024-06-18 19:40:16.997,not_blacklisted
185,2024-06-18 19:44:13.551,blacklisted
185,2024-06-18 20:03:00.351,blacklisted
10,2024-06-18 20:22:13.554,not_blacklisted
216,2024-06-18 20:28:46.694,not_blacklisted
87,2024-06-18 20:36:02.071,not_blacklisted
199,2024-06-18 20:36:24.856,not_blacklisted
185,2024-06-18 20:42:34.034,blacklisted
117,2024-06-18 20:45:01.269,not_blacklisted
199,2024-06-18 20:52:37.857,not_blacklisted
199,2024-06-18 20:57:47.393,not_blacklisted
228,2024-06-18 21:02:31.258,not_blacklisted
199,2024-06-18 21:02:51.044,not_blacklisted
199,2024-06-18 21:05:27.514,not_blacklisted
228,2024-06-18 21:05:45.457,not_blacklisted
185,2024-06-18 21:12:53.865,blacklisted
87,2024-06-18 21:14:08.325,not_blacklisted
117,2024-06-18 21:20:46.443,not_blacklisted
31,2024-06-18 21:21:03.918,not_blacklisted
31,2024-06-18 21:38:44.352,not_blacklisted
254,2024-06-18 21:39:01.375,blacklisted
8,2024-06-18 21:39:04.282,not_blacklisted
216,2024-06-18 21:42:27.904,not_blacklisted
8,2024-06-18 21:46:44.692,not_blacklisted
7,2024-06-18 21:55:02.993,not_blacklisted
8,2024-06-18 21:58:06.180,not_blacklisted
166,2024-06-18 22:00:56.334,blacklisted
166,2024-06-18 22:03:13.753,blacklisted
185,2024-06-18 22:11:22.432,blacklisted
185,2024-06-18 22:13:14.231,blacklisted
254,2024-06-18 22:24:30.885,blacklisted
87,2024-06-18 22:26:50.320,not_blacklisted
87,2024-06-18 22:29:32.131,not_blacklisted
216,2024-06-18 22:30:20.404,not_blacklisted
166,2024-06-18 22:35:46.721,blacklisted
185,2024-06-18 22:37:51.437,blacklisted
87,2024-06-18 22:43:57.999,not_blacklisted
8,2024-06-18 22:50:25.024,not_blacklisted
254,2024-06-18 22:50:46.906,blacklisted
216,2024-06-18 22:55:10.811,not_blacklisted
166,2024-06-18 22:59:05.553,blacklisted
166,2024-06-18 23:05:35.085,blacklisted
216,2024-06-18 23:13:56.432,not_blacklisted
199,2024-06-18 23:20:01.004,not_blacklisted
166,2024-06-18 23:27:45.219,blacklisted
10,2024-06-18 23:32:41.797,not_blacklisted
166,2024-06-18 23:34:43.201,blacklisted
185,2024-06-18 23:36:18.732,blacklisted
228,2024-06-18 23:45:22.723,not_blacklisted
31,2024-06-18 23:45:34.536,not_blacklisted
254,2024-06-18 23:47:18.115,blacklisted
87,2024-06-18 23:55:50.268,not_blacklisted
166,2024-06-19 00:03:42.677,blacklisted
87,2024-06-19 00:08:59.226,not_blacklisted
87,2024-06-19 00:14:48.418,not_blacklisted
8,2024-06-19 00:16:52.081,not_blacklisted
8,2024-06-19 00:26:11.692,not_blacklisted
10,2024-06-19 00:26:23.625,not_blacklisted
199,2024-06-19 00:29:14.645,not_blacklisted
10,2024-06-19 00:34:49.623,not_blacklisted
10,2024-06-19 00:37:42.618,not_blacklisted
216,2024-06-19 00:47:50.199,not_blacklisted
